0	Probabilistic_Methods
1	Reinforcement_Learning
2	Reinforcement_Learning
3	Case_Based
4	Probabilistic_Methods
5	Neural_Networks
6	Case_Based
7	Probabilistic_Methods
8	Probabilistic_Methods
9	Neural_Networks
10	Genetic_Algorithms
11	Case_Based
12	Reinforcement_Learning
13	Probabilistic_Methods
14	Probabilistic_Methods
15	Probabilistic_Methods
16	Neural_Networks
17	Probabilistic_Methods
18	Genetic_Algorithms
19	Probabilistic_Methods
20	Rule_Learning
21	Rule_Learning
22	Reinforcement_Learning
23	Probabilistic_Methods
24	Probabilistic_Methods
25	Probabilistic_Methods
26	Theory
27	Case_Based
28	Neural_Networks
29	Reinforcement_Learning
30	Probabilistic_Methods
31	Rule_Learning
32	Case_Based
33	Reinforcement_Learning
34	Neural_Networks
35	Case_Based
36	Genetic_Algorithms
37	Rule_Learning
38	Case_Based
39	Reinforcement_Learning
40	Probabilistic_Methods
41	Theory
42	Theory
43	Reinforcement_Learning
44	Probabilistic_Methods
45	Probabilistic_Methods
46	Neural_Networks
47	Rule_Learning
48	Probabilistic_Methods
49	Probabilistic_Methods
50	Rule_Learning
51	Probabilistic_Methods
52	Case_Based
53	Neural_Networks
54	Case_Based
55	Case_Based
56	Theory
57	Case_Based
58	Neural_Networks
59	Neural_Networks
60	Case_Based
61	Case_Based
62	Case_Based
63	Reinforcement_Learning
64	Neural_Networks
65	Case_Based
66	Reinforcement_Learning
67	Rule_Learning
68	Neural_Networks
69	Case_Based
70	Rule_Learning
71	Neural_Networks
72	Neural_Networks
73	Neural_Networks
74	Case_Based
75	Reinforcement_Learning
76	Case_Based
77	Case_Based
78	Probabilistic_Methods
79	Case_Based
80	Case_Based
81	Case_Based
82	Reinforcement_Learning
83	Neural_Networks
84	Reinforcement_Learning
85	Case_Based
86	Probabilistic_Methods
87	Theory
88	Case_Based
89	Reinforcement_Learning
90	Neural_Networks
91	Reinforcement_Learning
92	Theory
93	Theory
94	Reinforcement_Learning
95	Case_Based
96	Theory
97	Rule_Learning
98	Case_Based
99	Theory
100	Case_Based
101	Neural_Networks
102	Genetic_Algorithms
103	Genetic_Algorithms
104	Genetic_Algorithms
105	Neural_Networks
106	Theory
107	Rule_Learning
108	Theory
109	Genetic_Algorithms
110	Neural_Networks
111	Neural_Networks
112	Genetic_Algorithms
113	Rule_Learning
114	Rule_Learning
115	Rule_Learning
116	Theory
117	Rule_Learning
118	Rule_Learning
119	Rule_Learning
120	Rule_Learning
121	Genetic_Algorithms
122	Theory
123	Theory
124	Genetic_Algorithms
125	Rule_Learning
126	Genetic_Algorithms
127	Theory
128	Rule_Learning
129	Rule_Learning
130	Rule_Learning
131	Genetic_Algorithms
132	Rule_Learning
133	Genetic_Algorithms
134	Genetic_Algorithms
135	Genetic_Algorithms
136	Genetic_Algorithms
137	Genetic_Algorithms
138	Genetic_Algorithms
139	Genetic_Algorithms
140	Reinforcement_Learning
141	Probabilistic_Methods
142	Case_Based
143	Probabilistic_Methods
144	Theory
145	Theory
146	Case_Based
147	Theory
148	Reinforcement_Learning
149	Case_Based
150	Probabilistic_Methods
151	Reinforcement_Learning
152	Reinforcement_Learning
153	Genetic_Algorithms
154	Neural_Networks
155	Neural_Networks
156	Neural_Networks
157	Probabilistic_Methods
158	Probabilistic_Methods
159	Probabilistic_Methods
160	Probabilistic_Methods
161	Case_Based
162	Case_Based
163	Rule_Learning
164	Reinforcement_Learning
165	Probabilistic_Methods
166	Reinforcement_Learning
167	Probabilistic_Methods
168	Probabilistic_Methods
169	Probabilistic_Methods
170	Neural_Networks
171	Probabilistic_Methods
172	Probabilistic_Methods
173	Neural_Networks
174	Neural_Networks
175	Theory
176	Probabilistic_Methods
177	Reinforcement_Learning
178	Probabilistic_Methods
179	Probabilistic_Methods
180	Probabilistic_Methods
181	Theory
182	Probabilistic_Methods
183	Probabilistic_Methods
184	Probabilistic_Methods
185	Probabilistic_Methods
186	Case_Based
187	Reinforcement_Learning
188	Neural_Networks
189	Neural_Networks
190	Theory
191	Rule_Learning
192	Case_Based
193	Rule_Learning
194	Reinforcement_Learning
195	Case_Based
196	Reinforcement_Learning
197	Probabilistic_Methods
198	Reinforcement_Learning
199	Reinforcement_Learning
200	Probabilistic_Methods
201	Probabilistic_Methods
202	Neural_Networks
203	Reinforcement_Learning
204	Case_Based
205	Probabilistic_Methods
206	Neural_Networks
207	Probabilistic_Methods
208	Probabilistic_Methods
209	Reinforcement_Learning
210	Case_Based
211	Case_Based
212	Probabilistic_Methods
213	Theory
214	Case_Based
215	Probabilistic_Methods
216	Probabilistic_Methods
217	Reinforcement_Learning
218	Probabilistic_Methods
219	Probabilistic_Methods
220	Rule_Learning
221	Rule_Learning
222	Probabilistic_Methods
223	Neural_Networks
224	Probabilistic_Methods
225	Genetic_Algorithms
226	Probabilistic_Methods
227	Neural_Networks
228	Neural_Networks
229	Probabilistic_Methods
230	Probabilistic_Methods
231	Probabilistic_Methods
232	Probabilistic_Methods
233	Rule_Learning
234	Genetic_Algorithms
235	Probabilistic_Methods
236	Genetic_Algorithms
237	Probabilistic_Methods
238	Rule_Learning
239	Case_Based
240	Probabilistic_Methods
241	Rule_Learning
242	Case_Based
243	Reinforcement_Learning
244	Neural_Networks
245	Reinforcement_Learning
246	Neural_Networks
247	Reinforcement_Learning
248	Reinforcement_Learning
249	Rule_Learning
250	Genetic_Algorithms
251	Probabilistic_Methods
252	Rule_Learning
253	Probabilistic_Methods
254	Probabilistic_Methods
255	Reinforcement_Learning
256	Probabilistic_Methods
257	Case_Based
258	Reinforcement_Learning
259	Rule_Learning
260	Case_Based
261	Probabilistic_Methods
262	Theory
263	Neural_Networks
264	Rule_Learning
265	Rule_Learning
266	Rule_Learning
267	Probabilistic_Methods
268	Neural_Networks
269	Probabilistic_Methods
270	Case_Based
271	Reinforcement_Learning
272	Probabilistic_Methods
273	Probabilistic_Methods
274	Reinforcement_Learning
275	Reinforcement_Learning
276	Case_Based
277	Probabilistic_Methods
278	Probabilistic_Methods
279	Case_Based
280	Case_Based
281	Probabilistic_Methods
282	Rule_Learning
283	Reinforcement_Learning
284	Reinforcement_Learning
285	Probabilistic_Methods
286	Reinforcement_Learning
287	Probabilistic_Methods
288	Probabilistic_Methods
289	Neural_Networks
290	Neural_Networks
291	Probabilistic_Methods
292	Case_Based
293	Reinforcement_Learning
294	Case_Based
295	Probabilistic_Methods
296	Neural_Networks
297	Probabilistic_Methods
298	Probabilistic_Methods
299	Reinforcement_Learning
300	Rule_Learning
301	Neural_Networks
302	Genetic_Algorithms
303	Genetic_Algorithms
304	Case_Based
305	Case_Based
306	Genetic_Algorithms
307	Theory
308	Genetic_Algorithms
309	Probabilistic_Methods
310	Probabilistic_Methods
311	Probabilistic_Methods
312	Neural_Networks
313	Probabilistic_Methods
314	Probabilistic_Methods
315	Case_Based
316	Probabilistic_Methods
317	Reinforcement_Learning
318	Genetic_Algorithms
319	Neural_Networks
320	Reinforcement_Learning
321	Probabilistic_Methods
322	Neural_Networks
323	Reinforcement_Learning
324	Case_Based
325	Reinforcement_Learning
326	Neural_Networks
327	Probabilistic_Methods
328	Neural_Networks
329	Genetic_Algorithms
330	Reinforcement_Learning
331	Case_Based
332	Reinforcement_Learning
333	Neural_Networks
334	Case_Based
335	Probabilistic_Methods
336	Probabilistic_Methods
337	Neural_Networks
338	Probabilistic_Methods
339	Reinforcement_Learning
340	Reinforcement_Learning
341	Neural_Networks
342	Rule_Learning
343	Probabilistic_Methods
344	Rule_Learning
345	Probabilistic_Methods
346	Neural_Networks
347	Case_Based
348	Reinforcement_Learning
349	Rule_Learning
350	Genetic_Algorithms
351	Probabilistic_Methods
352	Probabilistic_Methods
353	Neural_Networks
354	Case_Based
355	Neural_Networks
356	Case_Based
357	Neural_Networks
358	Neural_Networks
359	Neural_Networks
360	Rule_Learning
361	Reinforcement_Learning
362	Reinforcement_Learning
363	Neural_Networks
364	Neural_Networks
365	Case_Based
366	Probabilistic_Methods
367	Neural_Networks
368	Reinforcement_Learning
369	Reinforcement_Learning
370	Rule_Learning
371	Rule_Learning
372	Genetic_Algorithms
373	Case_Based
374	Probabilistic_Methods
375	Reinforcement_Learning
376	Rule_Learning
377	Reinforcement_Learning
378	Reinforcement_Learning
379	Rule_Learning
380	Probabilistic_Methods
381	Reinforcement_Learning
382	Rule_Learning
383	Probabilistic_Methods
384	Genetic_Algorithms
385	Reinforcement_Learning
386	Probabilistic_Methods
387	Probabilistic_Methods
388	Rule_Learning
389	Neural_Networks
390	Probabilistic_Methods
391	Neural_Networks
392	Rule_Learning
393	Rule_Learning
394	Reinforcement_Learning
395	Probabilistic_Methods
396	Probabilistic_Methods
397	Probabilistic_Methods
398	Case_Based
399	Genetic_Algorithms
400	Rule_Learning
401	Probabilistic_Methods
402	Probabilistic_Methods
403	Neural_Networks
404	Theory
405	Case_Based
406	Genetic_Algorithms
407	Genetic_Algorithms
408	Case_Based
409	Genetic_Algorithms
410	Rule_Learning
411	Probabilistic_Methods
412	Theory
413	Probabilistic_Methods
414	Case_Based
415	Case_Based
416	Probabilistic_Methods
417	Probabilistic_Methods
418	Probabilistic_Methods
419	Rule_Learning
420	Reinforcement_Learning
421	Probabilistic_Methods
422	Reinforcement_Learning
423	Case_Based
424	Probabilistic_Methods
425	Neural_Networks
426	Genetic_Algorithms
427	Neural_Networks
428	Reinforcement_Learning
429	Reinforcement_Learning
430	Reinforcement_Learning
431	Reinforcement_Learning
432	Probabilistic_Methods
433	Probabilistic_Methods
434	Case_Based
435	Probabilistic_Methods
436	Rule_Learning
437	Reinforcement_Learning
438	Reinforcement_Learning
439	Neural_Networks
440	Case_Based
441	Rule_Learning
442	Reinforcement_Learning
443	Reinforcement_Learning
444	Reinforcement_Learning
445	Probabilistic_Methods
446	Case_Based
447	Theory
448	Rule_Learning
449	Neural_Networks
450	Reinforcement_Learning
451	Rule_Learning
452	Genetic_Algorithms
453	Probabilistic_Methods
454	Rule_Learning
455	Probabilistic_Methods
456	Case_Based
457	Probabilistic_Methods
458	Rule_Learning
459	Genetic_Algorithms
460	Genetic_Algorithms
461	Case_Based
462	Probabilistic_Methods
463	Reinforcement_Learning
464	Neural_Networks
465	Probabilistic_Methods
466	Neural_Networks
467	Probabilistic_Methods
468	Rule_Learning
469	Probabilistic_Methods
470	Reinforcement_Learning
471	Theory
472	Rule_Learning
473	Reinforcement_Learning
474	Rule_Learning
475	Case_Based
476	Genetic_Algorithms
477	Probabilistic_Methods
478	Rule_Learning
479	Rule_Learning
480	Neural_Networks
481	Neural_Networks
482	Probabilistic_Methods
483	Rule_Learning
484	Genetic_Algorithms
485	Case_Based
486	Probabilistic_Methods
487	Genetic_Algorithms
488	Reinforcement_Learning
489	Neural_Networks
490	Rule_Learning
491	Theory
492	Reinforcement_Learning
493	Neural_Networks
494	Neural_Networks
495	Theory
496	Theory
497	Case_Based
498	Case_Based
499	Theory
500	Probabilistic_Methods
501	Neural_Networks
502	Theory
503	Probabilistic_Methods
504	Theory
505	Genetic_Algorithms
506	Theory
507	Probabilistic_Methods
508	Genetic_Algorithms
509	Probabilistic_Methods
510	Probabilistic_Methods
511	Probabilistic_Methods
512	Probabilistic_Methods
513	Neural_Networks
514	Rule_Learning
515	Reinforcement_Learning
516	Probabilistic_Methods
517	Probabilistic_Methods
518	Case_Based
519	Probabilistic_Methods
520	Probabilistic_Methods
521	Probabilistic_Methods
522	Case_Based
523	Reinforcement_Learning
524	Neural_Networks
525	Case_Based
526	Neural_Networks
527	Case_Based
528	Rule_Learning
529	Reinforcement_Learning
530	Genetic_Algorithms
531	Probabilistic_Methods
532	Probabilistic_Methods
533	Neural_Networks
534	Neural_Networks
535	Neural_Networks
536	Neural_Networks
537	Theory
538	Reinforcement_Learning
539	Theory
540	Rule_Learning
541	Rule_Learning
542	Genetic_Algorithms
543	Reinforcement_Learning
544	Case_Based
545	Reinforcement_Learning
546	Probabilistic_Methods
547	Probabilistic_Methods
548	Probabilistic_Methods
549	Probabilistic_Methods
550	Theory
551	Rule_Learning
552	Neural_Networks
553	Probabilistic_Methods
554	Genetic_Algorithms
555	Case_Based
556	Genetic_Algorithms
557	Neural_Networks
558	Neural_Networks
559	Rule_Learning
560	Reinforcement_Learning
561	Probabilistic_Methods
562	Neural_Networks
563	Genetic_Algorithms
564	Neural_Networks
565	Neural_Networks
566	Probabilistic_Methods
567	Neural_Networks
568	Probabilistic_Methods
569	Neural_Networks
570	Probabilistic_Methods
571	Probabilistic_Methods
572	Case_Based
573	Rule_Learning
574	Probabilistic_Methods
575	Probabilistic_Methods
576	Probabilistic_Methods
577	Reinforcement_Learning
578	Rule_Learning
579	Probabilistic_Methods
580	Neural_Networks
581	Rule_Learning
582	Reinforcement_Learning
583	Reinforcement_Learning
584	Reinforcement_Learning
585	Reinforcement_Learning
586	Case_Based
587	Rule_Learning
588	Reinforcement_Learning
589	Genetic_Algorithms
590	Rule_Learning
591	Case_Based
592	Probabilistic_Methods
593	Reinforcement_Learning
594	Theory
595	Probabilistic_Methods
596	Theory
597	Case_Based
598	Probabilistic_Methods
599	Probabilistic_Methods
600	Theory
601	Probabilistic_Methods
602	Reinforcement_Learning
603	Probabilistic_Methods
604	Theory
605	Probabilistic_Methods
606	Probabilistic_Methods
607	Probabilistic_Methods
608	Genetic_Algorithms
609	Neural_Networks
610	Rule_Learning
611	Theory
612	Rule_Learning
613	Neural_Networks
614	Case_Based
615	Neural_Networks
616	Neural_Networks
617	Reinforcement_Learning
618	Probabilistic_Methods
619	Case_Based
620	Probabilistic_Methods
621	Case_Based
622	Probabilistic_Methods
623	Reinforcement_Learning
624	Case_Based
625	Probabilistic_Methods
626	Neural_Networks
627	Reinforcement_Learning
628	Neural_Networks
629	Neural_Networks
630	Rule_Learning
631	Neural_Networks
632	Neural_Networks
633	Probabilistic_Methods
634	Rule_Learning
635	Rule_Learning
636	Case_Based
637	Probabilistic_Methods
638	Reinforcement_Learning
639	Probabilistic_Methods
640	Probabilistic_Methods
641	Probabilistic_Methods
642	Probabilistic_Methods
643	Rule_Learning
644	Theory
645	Rule_Learning
646	Rule_Learning
647	Rule_Learning
648	Rule_Learning
649	Probabilistic_Methods
650	Neural_Networks
651	Reinforcement_Learning
652	Reinforcement_Learning
653	Probabilistic_Methods
654	Reinforcement_Learning
655	Genetic_Algorithms
656	Genetic_Algorithms
657	Neural_Networks
658	Probabilistic_Methods
659	Case_Based
660	Genetic_Algorithms
661	Rule_Learning
662	Probabilistic_Methods
663	Theory
664	Probabilistic_Methods
665	Probabilistic_Methods
666	Case_Based
667	Case_Based
668	Probabilistic_Methods
669	Probabilistic_Methods
670	Probabilistic_Methods
671	Rule_Learning
672	Rule_Learning
673	Probabilistic_Methods
674	Reinforcement_Learning
675	Reinforcement_Learning
676	Rule_Learning
677	Reinforcement_Learning
678	Probabilistic_Methods
679	Case_Based
680	Case_Based
681	Probabilistic_Methods
682	Case_Based
683	Genetic_Algorithms
684	Neural_Networks
685	Probabilistic_Methods
686	Neural_Networks
687	Neural_Networks
688	Reinforcement_Learning
689	Neural_Networks
690	Probabilistic_Methods
691	Reinforcement_Learning
692	Probabilistic_Methods
693	Case_Based
694	Rule_Learning
695	Genetic_Algorithms
696	Probabilistic_Methods
697	Probabilistic_Methods
698	Reinforcement_Learning
699	Genetic_Algorithms
700	Probabilistic_Methods
701	Rule_Learning
702	Case_Based
703	Rule_Learning
704	Neural_Networks
705	Reinforcement_Learning
706	Reinforcement_Learning
707	Case_Based
708	Probabilistic_Methods
709	Rule_Learning
710	Probabilistic_Methods
711	Rule_Learning
712	Theory
713	Probabilistic_Methods
714	Reinforcement_Learning
715	Case_Based
716	Probabilistic_Methods
717	Reinforcement_Learning
718	Reinforcement_Learning
719	Genetic_Algorithms
720	Rule_Learning
721	Neural_Networks
722	Probabilistic_Methods
723	Neural_Networks
724	Theory
725	Case_Based
726	Reinforcement_Learning
727	Probabilistic_Methods
728	Rule_Learning
729	Probabilistic_Methods
730	Probabilistic_Methods
731	Case_Based
732	Neural_Networks
733	Probabilistic_Methods
734	Case_Based
735	Rule_Learning
736	Case_Based
737	Rule_Learning
738	Probabilistic_Methods
739	Rule_Learning
740	Probabilistic_Methods
741	Genetic_Algorithms
742	Genetic_Algorithms
743	Probabilistic_Methods
744	Neural_Networks
745	Probabilistic_Methods
746	Probabilistic_Methods
747	Rule_Learning
748	Neural_Networks
749	Case_Based
750	Rule_Learning
751	Case_Based
752	Neural_Networks
753	Rule_Learning
754	Neural_Networks
755	Probabilistic_Methods
756	Probabilistic_Methods
757	Neural_Networks
758	Neural_Networks
759	Reinforcement_Learning
760	Neural_Networks
761	Reinforcement_Learning
762	Neural_Networks
763	Case_Based
764	Neural_Networks
765	Probabilistic_Methods
766	Probabilistic_Methods
767	Probabilistic_Methods
768	Neural_Networks
769	Case_Based
770	Probabilistic_Methods
771	Case_Based
772	Theory
773	Case_Based
774	Reinforcement_Learning
775	Probabilistic_Methods
776	Probabilistic_Methods
777	Theory
778	Theory
779	Theory
780	Reinforcement_Learning
781	Genetic_Algorithms
782	Reinforcement_Learning
783	Reinforcement_Learning
784	Probabilistic_Methods
785	Probabilistic_Methods
786	Reinforcement_Learning
787	Reinforcement_Learning
788	Probabilistic_Methods
789	Reinforcement_Learning
790	Probabilistic_Methods
791	Reinforcement_Learning
792	Probabilistic_Methods
793	Rule_Learning
794	Probabilistic_Methods
795	Probabilistic_Methods
796	Neural_Networks
797	Neural_Networks
798	Reinforcement_Learning
799	Probabilistic_Methods
800	Neural_Networks
801	Rule_Learning
802	Reinforcement_Learning
803	Rule_Learning
804	Reinforcement_Learning
805	Reinforcement_Learning
806	Neural_Networks
807	Rule_Learning
808	Reinforcement_Learning
809	Probabilistic_Methods
810	Reinforcement_Learning
811	Probabilistic_Methods
812	Probabilistic_Methods
813	Reinforcement_Learning
814	Reinforcement_Learning
815	Case_Based
816	Rule_Learning
817	Neural_Networks
818	Probabilistic_Methods
819	Neural_Networks
820	Neural_Networks
821	Probabilistic_Methods
822	Theory
823	Neural_Networks
824	Neural_Networks
825	Neural_Networks
826	Rule_Learning
827	Case_Based
828	Reinforcement_Learning
829	Probabilistic_Methods
830	Rule_Learning
831	Genetic_Algorithms
832	Probabilistic_Methods
833	Probabilistic_Methods
834	Genetic_Algorithms
835	Probabilistic_Methods
836	Probabilistic_Methods
837	Reinforcement_Learning
838	Case_Based
839	Case_Based
840	Rule_Learning
841	Probabilistic_Methods
842	Case_Based
843	Probabilistic_Methods
844	Rule_Learning
845	Probabilistic_Methods
846	Probabilistic_Methods
847	Theory
848	Neural_Networks
849	Reinforcement_Learning
850	Theory
851	Case_Based
852	Genetic_Algorithms
853	Neural_Networks
854	Reinforcement_Learning
855	Probabilistic_Methods
856	Reinforcement_Learning
857	Reinforcement_Learning
858	Case_Based
859	Neural_Networks
860	Neural_Networks
861	Case_Based
862	Reinforcement_Learning
863	Case_Based
864	Genetic_Algorithms
865	Case_Based
866	Probabilistic_Methods
867	Neural_Networks
868	Probabilistic_Methods
869	Probabilistic_Methods
870	Reinforcement_Learning
871	Neural_Networks
872	Probabilistic_Methods
873	Neural_Networks
874	Probabilistic_Methods
875	Probabilistic_Methods
876	Neural_Networks
877	Probabilistic_Methods
878	Rule_Learning
879	Probabilistic_Methods
880	Case_Based
881	Neural_Networks
882	Neural_Networks
883	Neural_Networks
884	Reinforcement_Learning
885	Rule_Learning
886	Probabilistic_Methods
887	Genetic_Algorithms
888	Case_Based
889	Neural_Networks
890	Rule_Learning
891	Theory
892	Probabilistic_Methods
893	Reinforcement_Learning
894	Rule_Learning
895	Case_Based
896	Theory
897	Case_Based
898	Theory
899	Probabilistic_Methods
900	Probabilistic_Methods
901	Case_Based
902	Neural_Networks
903	Theory
904	Rule_Learning
905	Neural_Networks
906	Reinforcement_Learning
907	Theory
908	Theory
909	Probabilistic_Methods
910	Genetic_Algorithms
911	Reinforcement_Learning
912	Reinforcement_Learning
913	Rule_Learning
914	Probabilistic_Methods
915	Neural_Networks
916	Probabilistic_Methods
917	Case_Based
918	Probabilistic_Methods
919	Neural_Networks
920	Probabilistic_Methods
921	Theory
922	Reinforcement_Learning
923	Probabilistic_Methods
924	Reinforcement_Learning
925	Rule_Learning
926	Probabilistic_Methods
927	Probabilistic_Methods
928	Probabilistic_Methods
929	Neural_Networks
930	Probabilistic_Methods
931	Neural_Networks
932	Probabilistic_Methods
933	Neural_Networks
934	Reinforcement_Learning
935	Rule_Learning
936	Neural_Networks
937	Genetic_Algorithms
938	Probabilistic_Methods
939	Theory
940	Rule_Learning
941	Rule_Learning
942	Probabilistic_Methods
943	Reinforcement_Learning
944	Probabilistic_Methods
945	Rule_Learning
946	Reinforcement_Learning
947	Reinforcement_Learning
948	Case_Based
949	Reinforcement_Learning
950	Theory
951	Neural_Networks
952	Rule_Learning
953	Probabilistic_Methods
954	Reinforcement_Learning
955	Theory
956	Reinforcement_Learning
957	Neural_Networks
958	Genetic_Algorithms
959	Probabilistic_Methods
960	Probabilistic_Methods
961	Probabilistic_Methods
962	Probabilistic_Methods
963	Reinforcement_Learning
964	Case_Based
965	Case_Based
966	Case_Based
967	Probabilistic_Methods
968	Probabilistic_Methods
969	Neural_Networks
970	Neural_Networks
971	Rule_Learning
972	Probabilistic_Methods
973	Case_Based
974	Probabilistic_Methods
975	Case_Based
976	Neural_Networks
977	Neural_Networks
978	Neural_Networks
979	Probabilistic_Methods
980	Genetic_Algorithms
981	Probabilistic_Methods
982	Probabilistic_Methods
983	Reinforcement_Learning
984	Reinforcement_Learning
985	Neural_Networks
986	Probabilistic_Methods
987	Probabilistic_Methods
988	Probabilistic_Methods
989	Rule_Learning
990	Probabilistic_Methods
991	Theory
992	Theory
993	Case_Based
994	Probabilistic_Methods
995	Rule_Learning
996	Reinforcement_Learning
997	Probabilistic_Methods
998	Neural_Networks
999	Neural_Networks
1000	Probabilistic_Methods
1001	Reinforcement_Learning
1002	Probabilistic_Methods
1003	Neural_Networks
1004	Probabilistic_Methods
1005	Probabilistic_Methods
1006	Case_Based
1007	Neural_Networks
1008	Case_Based
1009	Genetic_Algorithms
1010	Reinforcement_Learning
1011	Genetic_Algorithms
1012	Probabilistic_Methods
1013	Case_Based
1014	Probabilistic_Methods
1015	Reinforcement_Learning
1016	Probabilistic_Methods
1017	Case_Based
1018	Reinforcement_Learning
1019	Probabilistic_Methods
1020	Probabilistic_Methods
1021	Probabilistic_Methods
1022	Rule_Learning
1023	Probabilistic_Methods
1024	Probabilistic_Methods
1025	Case_Based
1026	Probabilistic_Methods
1027	Theory
1028	Rule_Learning
1029	Rule_Learning
1030	Neural_Networks
1031	Probabilistic_Methods
1032	Rule_Learning
1033	Neural_Networks
1034	Neural_Networks
1035	Neural_Networks
1036	Case_Based
1037	Neural_Networks
1038	Neural_Networks
1039	Rule_Learning
1040	Neural_Networks
1041	Neural_Networks
1042	Case_Based
1043	Probabilistic_Methods
1044	Probabilistic_Methods
1045	Genetic_Algorithms
1046	Reinforcement_Learning
1047	Case_Based
1048	Probabilistic_Methods
1049	Probabilistic_Methods
1050	Reinforcement_Learning
1051	Reinforcement_Learning
1052	Probabilistic_Methods
1053	Probabilistic_Methods
1054	Probabilistic_Methods
1055	Probabilistic_Methods
1056	Probabilistic_Methods
1057	Neural_Networks
1058	Case_Based
1059	Probabilistic_Methods
1060	Rule_Learning
1061	Reinforcement_Learning
1062	Probabilistic_Methods
1063	Reinforcement_Learning
1064	Reinforcement_Learning
1065	Genetic_Algorithms
1066	Probabilistic_Methods
1067	Neural_Networks
1068	Reinforcement_Learning
1069	Case_Based
1070	Rule_Learning
1071	Reinforcement_Learning
1072	Genetic_Algorithms
1073	Probabilistic_Methods
1074	Theory
1075	Probabilistic_Methods
1076	Theory
1077	Neural_Networks
1078	Case_Based
1079	Case_Based
1080	Probabilistic_Methods
1081	Reinforcement_Learning
1082	Reinforcement_Learning
1083	Probabilistic_Methods
1084	Probabilistic_Methods
1085	Theory
1086	Probabilistic_Methods
1087	Reinforcement_Learning
1088	Genetic_Algorithms
1089	Genetic_Algorithms
1090	Probabilistic_Methods
1091	Probabilistic_Methods
1092	Probabilistic_Methods
1093	Probabilistic_Methods
1094	Reinforcement_Learning
1095	Probabilistic_Methods
1096	Probabilistic_Methods
1097	Reinforcement_Learning
1098	Probabilistic_Methods
1099	Probabilistic_Methods
1100	Probabilistic_Methods
1101	Probabilistic_Methods
1102	Reinforcement_Learning
1103	Neural_Networks
1104	Reinforcement_Learning
1105	Rule_Learning
1106	Probabilistic_Methods
1107	Probabilistic_Methods
1108	Probabilistic_Methods
1109	Reinforcement_Learning
1110	Case_Based
1111	Probabilistic_Methods
1112	Reinforcement_Learning
1113	Rule_Learning
1114	Neural_Networks
1115	Reinforcement_Learning
1116	Probabilistic_Methods
1117	Case_Based
1118	Case_Based
1119	Probabilistic_Methods
1120	Case_Based
1121	Case_Based
1122	Rule_Learning
1123	Neural_Networks
1124	Probabilistic_Methods
1125	Case_Based
1126	Probabilistic_Methods
1127	Probabilistic_Methods
1128	Rule_Learning
1129	Reinforcement_Learning
1130	Probabilistic_Methods
1131	Case_Based
1132	Probabilistic_Methods
1133	Rule_Learning
1134	Probabilistic_Methods
1135	Reinforcement_Learning
1136	Neural_Networks
1137	Case_Based
1138	Reinforcement_Learning
1139	Case_Based
1140	Case_Based
1141	Reinforcement_Learning
1142	Rule_Learning
1143	Reinforcement_Learning
1144	Genetic_Algorithms
1145	Neural_Networks
1146	Genetic_Algorithms
1147	Probabilistic_Methods
1148	Neural_Networks
1149	Neural_Networks
1150	Neural_Networks
1151	Probabilistic_Methods
1152	Reinforcement_Learning
1153	Reinforcement_Learning
1154	Neural_Networks
1155	Neural_Networks
1156	Case_Based
1157	Reinforcement_Learning
1158	Genetic_Algorithms
1159	Probabilistic_Methods
1160	Case_Based
1161	Neural_Networks
1162	Reinforcement_Learning
1163	Theory
1164	Neural_Networks
1165	Theory
1166	Probabilistic_Methods
1167	Rule_Learning
1168	Rule_Learning
1169	Neural_Networks
1170	Theory
1171	Probabilistic_Methods
1172	Case_Based
1173	Neural_Networks
1174	Case_Based
1175	Probabilistic_Methods
1176	Probabilistic_Methods
1177	Probabilistic_Methods
1178	Reinforcement_Learning
1179	Rule_Learning
1180	Genetic_Algorithms
1181	Rule_Learning
1182	Rule_Learning
1183	Rule_Learning
1184	Rule_Learning
1185	Probabilistic_Methods
1186	Probabilistic_Methods
1187	Case_Based
1188	Case_Based
1189	Neural_Networks
1190	Rule_Learning
1191	Probabilistic_Methods
1192	Probabilistic_Methods
1193	Genetic_Algorithms
1194	Reinforcement_Learning
1195	Case_Based
1196	Genetic_Algorithms
1197	Rule_Learning
1198	Case_Based
1199	Neural_Networks
1200	Probabilistic_Methods
1201	Probabilistic_Methods
1202	Reinforcement_Learning
1203	Case_Based
1204	Case_Based
1205	Neural_Networks
1206	Reinforcement_Learning
1207	Reinforcement_Learning
1208	Reinforcement_Learning
1209	Neural_Networks
1210	Neural_Networks
1211	Probabilistic_Methods
1212	Probabilistic_Methods
1213	Probabilistic_Methods
1214	Neural_Networks
1215	Case_Based
1216	Neural_Networks
1217	Probabilistic_Methods
1218	Case_Based
1219	Probabilistic_Methods
1220	Case_Based
1221	Probabilistic_Methods
1222	Rule_Learning
1223	Probabilistic_Methods
1224	Theory
1225	Probabilistic_Methods
1226	Rule_Learning
1227	Rule_Learning
1228	Case_Based
1229	Neural_Networks
1230	Reinforcement_Learning
1231	Probabilistic_Methods
1232	Case_Based
1233	Neural_Networks
1234	Reinforcement_Learning
1235	Probabilistic_Methods
1236	Theory
1237	Rule_Learning
1238	Neural_Networks
1239	Probabilistic_Methods
1240	Reinforcement_Learning
1241	Probabilistic_Methods
1242	Probabilistic_Methods
1243	Neural_Networks
1244	Neural_Networks
1245	Genetic_Algorithms
1246	Probabilistic_Methods
1247	Probabilistic_Methods
1248	Probabilistic_Methods
1249	Neural_Networks
1250	Neural_Networks
1251	Genetic_Algorithms
1252	Neural_Networks
1253	Genetic_Algorithms
1254	Neural_Networks
1255	Reinforcement_Learning
1256	Probabilistic_Methods
1257	Reinforcement_Learning
1258	Genetic_Algorithms
1259	Reinforcement_Learning
1260	Reinforcement_Learning
1261	Reinforcement_Learning
1262	Neural_Networks
1263	Neural_Networks
1264	Reinforcement_Learning
1265	Probabilistic_Methods
1266	Reinforcement_Learning
1267	Rule_Learning
1268	Reinforcement_Learning
1269	Rule_Learning
1270	Probabilistic_Methods
1271	Probabilistic_Methods
1272	Probabilistic_Methods
1273	Probabilistic_Methods
1274	Case_Based
1275	Case_Based
1276	Rule_Learning
1277	Rule_Learning
1278	Probabilistic_Methods
1279	Case_Based
1280	Neural_Networks
1281	Neural_Networks
1282	Genetic_Algorithms
1283	Genetic_Algorithms
1284	Neural_Networks
1285	Case_Based
1286	Reinforcement_Learning
1287	Neural_Networks
1288	Rule_Learning
1289	Genetic_Algorithms
1290	Probabilistic_Methods
1291	Theory
1292	Neural_Networks
1293	Case_Based
1294	Probabilistic_Methods
1295	Probabilistic_Methods
1296	Case_Based
1297	Probabilistic_Methods
1298	Probabilistic_Methods
1299	Probabilistic_Methods
1300	Probabilistic_Methods
1301	Probabilistic_Methods
1302	Case_Based
1303	Probabilistic_Methods
1304	Genetic_Algorithms
1305	Neural_Networks
1306	Neural_Networks
1307	Reinforcement_Learning
1308	Neural_Networks
1309	Case_Based
1310	Probabilistic_Methods
1311	Rule_Learning
1312	Rule_Learning
1313	Rule_Learning
1314	Rule_Learning
1315	Probabilistic_Methods
1316	Probabilistic_Methods
1317	Neural_Networks
1318	Reinforcement_Learning
1319	Case_Based
1320	Reinforcement_Learning
1321	Probabilistic_Methods
1322	Reinforcement_Learning
1323	Probabilistic_Methods
1324	Reinforcement_Learning
1325	Probabilistic_Methods
1326	Probabilistic_Methods
1327	Theory
1328	Theory
1329	Probabilistic_Methods
1330	Genetic_Algorithms
1331	Probabilistic_Methods
1332	Rule_Learning
1333	Case_Based
1334	Probabilistic_Methods
1335	Genetic_Algorithms
1336	Reinforcement_Learning
1337	Genetic_Algorithms
1338	Rule_Learning
1339	Neural_Networks
1340	Probabilistic_Methods
1341	Probabilistic_Methods
1342	Reinforcement_Learning
1343	Probabilistic_Methods
1344	Probabilistic_Methods
1345	Neural_Networks
1346	Genetic_Algorithms
1347	Probabilistic_Methods
1348	Probabilistic_Methods
1349	Reinforcement_Learning
1350	Reinforcement_Learning
1351	Theory
1352	Theory
1353	Rule_Learning
1354	Rule_Learning
1355	Probabilistic_Methods
1356	Probabilistic_Methods
1357	Genetic_Algorithms
1358	Neural_Networks
1359	Theory
1360	Rule_Learning
1361	Neural_Networks
1362	Theory
1363	Probabilistic_Methods
1364	Probabilistic_Methods
1365	Probabilistic_Methods
1366	Reinforcement_Learning
1367	Genetic_Algorithms
1368	Rule_Learning
1369	Reinforcement_Learning
1370	Theory
1371	Probabilistic_Methods
1372	Theory
1373	Neural_Networks
1374	Case_Based
1375	Rule_Learning
1376	Case_Based
1377	Case_Based
1378	Rule_Learning
1379	Reinforcement_Learning
1380	Reinforcement_Learning
1381	Reinforcement_Learning
1382	Probabilistic_Methods
1383	Neural_Networks
1384	Neural_Networks
1385	Reinforcement_Learning
1386	Probabilistic_Methods
1387	Rule_Learning
1388	Case_Based
1389	Neural_Networks
1390	Reinforcement_Learning
1391	Case_Based
1392	Probabilistic_Methods
1393	Probabilistic_Methods
1394	Case_Based
1395	Case_Based
1396	Theory
1397	Case_Based
1398	Neural_Networks
1399	Theory
1400	Probabilistic_Methods
1401	Reinforcement_Learning
1402	Theory
1403	Probabilistic_Methods
1404	Rule_Learning
1405	Probabilistic_Methods
1406	Reinforcement_Learning
1407	Neural_Networks
1408	Rule_Learning
1409	Rule_Learning
1410	Case_Based
1411	Genetic_Algorithms
1412	Neural_Networks
1413	Probabilistic_Methods
1414	Rule_Learning
1415	Rule_Learning
1416	Case_Based
1417	Reinforcement_Learning
1418	Reinforcement_Learning
1419	Reinforcement_Learning
1420	Theory
1421	Theory
1422	Reinforcement_Learning
1423	Case_Based
1424	Probabilistic_Methods
1425	Reinforcement_Learning
1426	Neural_Networks
1427	Neural_Networks
1428	Reinforcement_Learning
1429	Reinforcement_Learning
1430	Neural_Networks
1431	Neural_Networks
1432	Probabilistic_Methods
1433	Neural_Networks
1434	Probabilistic_Methods
1435	Case_Based
1436	Reinforcement_Learning
1437	Reinforcement_Learning
1438	Probabilistic_Methods
1439	Probabilistic_Methods
1440	Probabilistic_Methods
1441	Rule_Learning
1442	Probabilistic_Methods
1443	Reinforcement_Learning
1444	Reinforcement_Learning
1445	Probabilistic_Methods
1446	Probabilistic_Methods
1447	Probabilistic_Methods
1448	Genetic_Algorithms
1449	Reinforcement_Learning
1450	Probabilistic_Methods
1451	Reinforcement_Learning
1452	Reinforcement_Learning
1453	Probabilistic_Methods
1454	Reinforcement_Learning
1455	Rule_Learning
1456	Probabilistic_Methods
1457	Probabilistic_Methods
1458	Neural_Networks
1459	Genetic_Algorithms
1460	Probabilistic_Methods
1461	Reinforcement_Learning
1462	Probabilistic_Methods
1463	Case_Based
1464	Theory
1465	Probabilistic_Methods
1466	Neural_Networks
1467	Case_Based
1468	Case_Based
1469	Probabilistic_Methods
1470	Rule_Learning
1471	Neural_Networks
1472	Probabilistic_Methods
1473	Probabilistic_Methods
1474	Reinforcement_Learning
1475	Case_Based
1476	Theory
1477	Probabilistic_Methods
1478	Rule_Learning
1479	Probabilistic_Methods
1480	Neural_Networks
1481	Case_Based
1482	Theory
1483	Neural_Networks
1484	Reinforcement_Learning
1485	Theory
1486	Neural_Networks
1487	Theory
1488	Probabilistic_Methods
1489	Probabilistic_Methods
1490	Genetic_Algorithms
1491	Reinforcement_Learning
1492	Neural_Networks
1493	Reinforcement_Learning
1494	Case_Based
1495	Theory
1496	Probabilistic_Methods
1497	Probabilistic_Methods
1498	Probabilistic_Methods
1499	Neural_Networks
1500	Rule_Learning
1501	Theory
1502	Probabilistic_Methods
1503	Probabilistic_Methods
1504	Theory
1505	Genetic_Algorithms
1506	Neural_Networks
1507	Case_Based
1508	Probabilistic_Methods
1509	Neural_Networks
1510	Reinforcement_Learning
1511	Probabilistic_Methods
1512	Genetic_Algorithms
1513	Neural_Networks
1514	Probabilistic_Methods
1515	Case_Based
1516	Neural_Networks
1517	Case_Based
1518	Reinforcement_Learning
1519	Probabilistic_Methods
1520	Neural_Networks
1521	Case_Based
1522	Reinforcement_Learning
1523	Case_Based
1524	Case_Based
1525	Theory
1526	Case_Based
1527	Case_Based
1528	Neural_Networks
1529	Reinforcement_Learning
1530	Reinforcement_Learning
1531	Reinforcement_Learning
1532	Reinforcement_Learning
1533	Reinforcement_Learning
1534	Reinforcement_Learning
1535	Case_Based
1536	Case_Based
1537	Rule_Learning
1538	Rule_Learning
1539	Theory
1540	Case_Based
1541	Probabilistic_Methods
1542	Probabilistic_Methods
1543	Rule_Learning
1544	Neural_Networks
1545	Reinforcement_Learning
1546	Neural_Networks
1547	Neural_Networks
1548	Probabilistic_Methods
1549	Rule_Learning
1550	Neural_Networks
1551	Genetic_Algorithms
1552	Genetic_Algorithms
1553	Rule_Learning
1554	Probabilistic_Methods
1555	Rule_Learning
1556	Case_Based
1557	Neural_Networks
1558	Probabilistic_Methods
1559	Reinforcement_Learning
1560	Genetic_Algorithms
1561	Genetic_Algorithms
1562	Neural_Networks
1563	Probabilistic_Methods
1564	Genetic_Algorithms
1565	Neural_Networks
1566	Neural_Networks
1567	Probabilistic_Methods
1568	Neural_Networks
1569	Reinforcement_Learning
1570	Probabilistic_Methods
1571	Genetic_Algorithms
1572	Probabilistic_Methods
1573	Probabilistic_Methods
1574	Probabilistic_Methods
1575	Probabilistic_Methods
1576	Probabilistic_Methods
1577	Probabilistic_Methods
1578	Rule_Learning
1579	Rule_Learning
1580	Case_Based
1581	Probabilistic_Methods
1582	Probabilistic_Methods
1583	Probabilistic_Methods
1584	Genetic_Algorithms
1585	Reinforcement_Learning
1586	Neural_Networks
1587	Theory
1588	Case_Based
1589	Neural_Networks
1590	Case_Based
1591	Probabilistic_Methods
1592	Theory
1593	Theory
1594	Theory
1595	Case_Based
1596	Neural_Networks
1597	Probabilistic_Methods
1598	Probabilistic_Methods
1599	Neural_Networks
1600	Probabilistic_Methods
1601	Neural_Networks
1602	Case_Based
1603	Genetic_Algorithms
1604	Neural_Networks
1605	Probabilistic_Methods
1606	Neural_Networks
1607	Probabilistic_Methods
1608	Probabilistic_Methods
1609	Genetic_Algorithms
1610	Neural_Networks
1611	Probabilistic_Methods
1612	Neural_Networks
1613	Probabilistic_Methods
1614	Reinforcement_Learning
1615	Probabilistic_Methods
1616	Theory
1617	Theory
1618	Reinforcement_Learning
1619	Rule_Learning
1620	Neural_Networks
1621	Probabilistic_Methods
1622	Probabilistic_Methods
1623	Genetic_Algorithms
1624	Genetic_Algorithms
1625	Rule_Learning
1626	Reinforcement_Learning
1627	Neural_Networks
1628	Case_Based
1629	Neural_Networks
1630	Rule_Learning
1631	Case_Based
1632	Neural_Networks
1633	Probabilistic_Methods
1634	Reinforcement_Learning
1635	Case_Based
1636	Probabilistic_Methods
1637	Rule_Learning
1638	Genetic_Algorithms
1639	Reinforcement_Learning
1640	Genetic_Algorithms
1641	Probabilistic_Methods
1642	Neural_Networks
1643	Reinforcement_Learning
1644	Case_Based
1645	Case_Based
1646	Neural_Networks
1647	Theory
1648	Neural_Networks
1649	Case_Based
1650	Rule_Learning
1651	Genetic_Algorithms
1652	Case_Based
1653	Reinforcement_Learning
1654	Probabilistic_Methods
1655	Case_Based
1656	Genetic_Algorithms
1657	Probabilistic_Methods
1658	Case_Based
1659	Neural_Networks
1660	Theory
1661	Theory
1662	Probabilistic_Methods
1663	Probabilistic_Methods
1664	Probabilistic_Methods
1665	Probabilistic_Methods
1666	Probabilistic_Methods
1667	Reinforcement_Learning
1668	Neural_Networks
1669	Reinforcement_Learning
1670	Genetic_Algorithms
1671	Case_Based
1672	Case_Based
1673	Reinforcement_Learning
1674	Theory
1675	Theory
1676	Theory
1677	Rule_Learning
1678	Probabilistic_Methods
1679	Probabilistic_Methods
1680	Case_Based
1681	Genetic_Algorithms
1682	Case_Based
1683	Theory
1684	Probabilistic_Methods
1685	Neural_Networks
1686	Probabilistic_Methods
1687	Neural_Networks
1688	Reinforcement_Learning
1689	Neural_Networks
1690	Theory
1691	Probabilistic_Methods
1692	Probabilistic_Methods
1693	Case_Based
1694	Neural_Networks
1695	Case_Based
1696	Case_Based
1697	Probabilistic_Methods
1698	Theory
1699	Genetic_Algorithms
1700	Rule_Learning
1701	Probabilistic_Methods
1702	Reinforcement_Learning
1703	Reinforcement_Learning
1704	Probabilistic_Methods
1705	Genetic_Algorithms
1706	Neural_Networks
1707	Rule_Learning
1708	Neural_Networks
1709	Neural_Networks
1710	Neural_Networks
1711	Neural_Networks
1712	Neural_Networks
1713	Rule_Learning
1714	Neural_Networks
1715	Neural_Networks
1716	Neural_Networks
1717	Neural_Networks
1718	Neural_Networks
1719	Neural_Networks
1720	Neural_Networks
1721	Neural_Networks
1722	Neural_Networks
1723	Neural_Networks
1724	Probabilistic_Methods
1725	Neural_Networks
1726	Neural_Networks
1727	Neural_Networks
1728	Probabilistic_Methods
1729	Neural_Networks
1730	Neural_Networks
1731	Neural_Networks
1732	Neural_Networks
1733	Neural_Networks
1734	Neural_Networks
1735	Neural_Networks
1736	Neural_Networks
1737	Neural_Networks
1738	Neural_Networks
1739	Neural_Networks
1740	Neural_Networks
1741	Probabilistic_Methods
1742	Neural_Networks
1743	Neural_Networks
1744	Neural_Networks
1745	Neural_Networks
1746	Neural_Networks
1747	Neural_Networks
1748	Neural_Networks
1749	Neural_Networks
1750	Neural_Networks
1751	Neural_Networks
1752	Neural_Networks
1753	Neural_Networks
1754	Neural_Networks
1755	Neural_Networks
1756	Neural_Networks
1757	Neural_Networks
1758	Neural_Networks
1759	Neural_Networks
1760	Neural_Networks
1761	Neural_Networks
1762	Neural_Networks
1763	Neural_Networks
1764	Rule_Learning
1765	Neural_Networks
1766	Neural_Networks
1767	Genetic_Algorithms
1768	Genetic_Algorithms
1769	Genetic_Algorithms
1770	Genetic_Algorithms
1771	Genetic_Algorithms
1772	Genetic_Algorithms
1773	Genetic_Algorithms
1774	Genetic_Algorithms
1775	Genetic_Algorithms
1776	Genetic_Algorithms
1777	Genetic_Algorithms
1778	Genetic_Algorithms
1779	Genetic_Algorithms
1780	Genetic_Algorithms
1781	Genetic_Algorithms
1782	Genetic_Algorithms
1783	Genetic_Algorithms
1784	Genetic_Algorithms
1785	Reinforcement_Learning
1786	Genetic_Algorithms
1787	Genetic_Algorithms
1788	Reinforcement_Learning
1789	Genetic_Algorithms
1790	Genetic_Algorithms
1791	Genetic_Algorithms
1792	Rule_Learning
1793	Reinforcement_Learning
1794	Reinforcement_Learning
1795	Reinforcement_Learning
1796	Reinforcement_Learning
1797	Genetic_Algorithms
1798	Genetic_Algorithms
1799	Probabilistic_Methods
1800	Case_Based
1801	Neural_Networks
1802	Genetic_Algorithms
1803	Case_Based
1804	Neural_Networks
1805	Genetic_Algorithms
1806	Probabilistic_Methods
1807	Probabilistic_Methods
1808	Probabilistic_Methods
1809	Probabilistic_Methods
1810	Probabilistic_Methods
1811	Probabilistic_Methods
1812	Probabilistic_Methods
1813	Probabilistic_Methods
1814	Probabilistic_Methods
1815	Probabilistic_Methods
1816	Genetic_Algorithms
1817	Probabilistic_Methods
1818	Probabilistic_Methods
1819	Probabilistic_Methods
1820	Probabilistic_Methods
1821	Probabilistic_Methods
1822	Probabilistic_Methods
1823	Probabilistic_Methods
1824	Rule_Learning
1825	Rule_Learning
1826	Rule_Learning
1827	Rule_Learning
1828	Rule_Learning
1829	Rule_Learning
1830	Neural_Networks
1831	Neural_Networks
1832	Neural_Networks
1833	Neural_Networks
1834	Neural_Networks
1835	Theory
1836	Theory
1837	Probabilistic_Methods
1838	Case_Based
1839	Case_Based
1840	Case_Based
1841	Case_Based
1842	Rule_Learning
1843	Case_Based
1844	Probabilistic_Methods
1845	Case_Based
1846	Probabilistic_Methods
1847	Case_Based
1848	Case_Based
1849	Theory
1850	Case_Based
1851	Case_Based
1852	Probabilistic_Methods
1853	Probabilistic_Methods
1854	Probabilistic_Methods
1855	Probabilistic_Methods
1856	Genetic_Algorithms
1857	Probabilistic_Methods
1858	Probabilistic_Methods
1859	Probabilistic_Methods
1860	Probabilistic_Methods
1861	Probabilistic_Methods
1862	Probabilistic_Methods
1863	Probabilistic_Methods
1864	Probabilistic_Methods
1865	Probabilistic_Methods
1866	Probabilistic_Methods
1867	Probabilistic_Methods
1868	Probabilistic_Methods
1869	Probabilistic_Methods
1870	Probabilistic_Methods
1871	Probabilistic_Methods
1872	Probabilistic_Methods
1873	Probabilistic_Methods
1874	Probabilistic_Methods
1875	Probabilistic_Methods
1876	Probabilistic_Methods
1877	Probabilistic_Methods
1878	Rule_Learning
1879	Rule_Learning
1880	Rule_Learning
1881	Rule_Learning
1882	Rule_Learning
1883	Rule_Learning
1884	Rule_Learning
1885	Rule_Learning
1886	Neural_Networks
1887	Neural_Networks
1888	Neural_Networks
1889	Reinforcement_Learning
1890	Reinforcement_Learning
1891	Reinforcement_Learning
1892	Case_Based
1893	Probabilistic_Methods
1894	Probabilistic_Methods
1895	Neural_Networks
1896	Rule_Learning
1897	Rule_Learning
1898	Rule_Learning
1899	Rule_Learning
1900	Theory
1901	Rule_Learning
1902	Rule_Learning
1903	Rule_Learning
1904	Rule_Learning
1905	Reinforcement_Learning
1906	Reinforcement_Learning
1907	Case_Based
1908	Reinforcement_Learning
1909	Case_Based
1910	Genetic_Algorithms
1911	Rule_Learning
1912	Reinforcement_Learning
1913	Case_Based
1914	Theory
1915	Theory
1916	Theory
1917	Theory
1918	Theory
1919	Theory
1920	Theory
1921	Case_Based
1922	Case_Based
1923	Case_Based
1924	Case_Based
1925	Case_Based
1926	Case_Based
1927	Case_Based
1928	Probabilistic_Methods
1929	Case_Based
1930	Probabilistic_Methods
1931	Probabilistic_Methods
1932	Probabilistic_Methods
1933	Probabilistic_Methods
1934	Probabilistic_Methods
1935	Probabilistic_Methods
1936	Probabilistic_Methods
1937	Probabilistic_Methods
1938	Probabilistic_Methods
1939	Probabilistic_Methods
1940	Probabilistic_Methods
1941	Probabilistic_Methods
1942	Probabilistic_Methods
1943	Probabilistic_Methods
1944	Probabilistic_Methods
1945	Probabilistic_Methods
1946	Probabilistic_Methods
1947	Probabilistic_Methods
1948	Probabilistic_Methods
1949	Probabilistic_Methods
1950	Probabilistic_Methods
1951	Probabilistic_Methods
1952	Probabilistic_Methods
1953	Rule_Learning
1954	Rule_Learning
1955	Rule_Learning
1956	Rule_Learning
1957	Probabilistic_Methods
1958	Rule_Learning
1959	Rule_Learning
1960	Rule_Learning
1961	Rule_Learning
1962	Rule_Learning
1963	Rule_Learning
1964	Reinforcement_Learning
1965	Reinforcement_Learning
1966	Reinforcement_Learning
1967	Reinforcement_Learning
1968	Reinforcement_Learning
1969	Reinforcement_Learning
1970	Reinforcement_Learning
1971	Reinforcement_Learning
1972	Theory
1973	Theory
1974	Rule_Learning
1975	Theory
1976	Case_Based
1977	Case_Based
1978	Rule_Learning
1979	Rule_Learning
1980	Rule_Learning
1981	Rule_Learning
1982	Rule_Learning
1983	Case_Based
1984	Reinforcement_Learning
1985	Rule_Learning
1986	Probabilistic_Methods
1987	Probabilistic_Methods
1988	Probabilistic_Methods
1989	Probabilistic_Methods
1990	Probabilistic_Methods
1991	Genetic_Algorithms
1992	Probabilistic_Methods
1993	Probabilistic_Methods
1994	Probabilistic_Methods
1995	Probabilistic_Methods
1996	Probabilistic_Methods
1997	Probabilistic_Methods
1998	Genetic_Algorithms
1999	Probabilistic_Methods
2000	Probabilistic_Methods
2001	Reinforcement_Learning
2002	Reinforcement_Learning
2003	Probabilistic_Methods
2004	Probabilistic_Methods
2005	Probabilistic_Methods
2006	Probabilistic_Methods
2007	Probabilistic_Methods
2008	Probabilistic_Methods
2009	Probabilistic_Methods
2010	Case_Based
2011	Probabilistic_Methods
2012	Rule_Learning
2013	Theory
2014	Case_Based
2015	Rule_Learning
2016	Case_Based
2017	Theory
2018	Case_Based
2019	Case_Based
2020	Reinforcement_Learning
2021	Case_Based
2022	Theory
2023	Theory
2024	Case_Based
2025	Probabilistic_Methods
2026	Genetic_Algorithms
2027	Case_Based
2028	Case_Based
2029	Rule_Learning
2030	Rule_Learning
2031	Rule_Learning
2032	Reinforcement_Learning
2033	Reinforcement_Learning
2034	Probabilistic_Methods
2035	Probabilistic_Methods
2036	Probabilistic_Methods
2037	Probabilistic_Methods
2038	Reinforcement_Learning
2039	Probabilistic_Methods
2040	Reinforcement_Learning
2041	Probabilistic_Methods
2042	Probabilistic_Methods
2043	Probabilistic_Methods
2044	Reinforcement_Learning
2045	Genetic_Algorithms
2046	Genetic_Algorithms
2047	Genetic_Algorithms
2048	Genetic_Algorithms
2049	Case_Based
2050	Theory
2051	Case_Based
2052	Case_Based
2053	Case_Based
2054	Case_Based
2055	Case_Based
2056	Case_Based
2057	Case_Based
2058	Neural_Networks
2059	Case_Based
2060	Rule_Learning
2061	Rule_Learning
2062	Rule_Learning
2063	Probabilistic_Methods
2064	Probabilistic_Methods
2065	Probabilistic_Methods
2066	Probabilistic_Methods
2067	Probabilistic_Methods
2068	Case_Based
2069	Case_Based
2070	Case_Based
2071	Case_Based
2072	Case_Based
2073	Case_Based
2074	Case_Based
2075	Probabilistic_Methods
2076	Probabilistic_Methods
2077	Probabilistic_Methods
2078	Genetic_Algorithms
2079	Probabilistic_Methods
2080	Genetic_Algorithms
2081	Genetic_Algorithms
2082	Genetic_Algorithms
2083	Neural_Networks
2084	Genetic_Algorithms
2085	Genetic_Algorithms
2086	Genetic_Algorithms
2087	Genetic_Algorithms
2088	Genetic_Algorithms
2089	Genetic_Algorithms
2090	Genetic_Algorithms
2091	Probabilistic_Methods
2092	Genetic_Algorithms
2093	Genetic_Algorithms
2094	Genetic_Algorithms
2095	Genetic_Algorithms
2096	Genetic_Algorithms
2097	Case_Based
2098	Case_Based
2099	Case_Based
2100	Rule_Learning
2101	Rule_Learning
2102	Rule_Learning
2103	Rule_Learning
2104	Rule_Learning
2105	Probabilistic_Methods
2106	Genetic_Algorithms
2107	Genetic_Algorithms
2108	Probabilistic_Methods
2109	Theory
2110	Theory
2111	Case_Based
2112	Rule_Learning
2113	Neural_Networks
2114	Probabilistic_Methods
2115	Probabilistic_Methods
2116	Case_Based
2117	Probabilistic_Methods
2118	Probabilistic_Methods
2119	Probabilistic_Methods
2120	Reinforcement_Learning
2121	Reinforcement_Learning
2122	Reinforcement_Learning
2123	Reinforcement_Learning
2124	Probabilistic_Methods
2125	Probabilistic_Methods
2126	Probabilistic_Methods
2127	Probabilistic_Methods
2128	Probabilistic_Methods
2129	Probabilistic_Methods
2130	Reinforcement_Learning
2131	Case_Based
2132	Theory
2133	Case_Based
2134	Theory
2135	Theory
2136	Case_Based
2137	Rule_Learning
2138	Probabilistic_Methods
2139	Probabilistic_Methods
2140	Probabilistic_Methods
2141	Probabilistic_Methods
2142	Probabilistic_Methods
2143	Genetic_Algorithms
2144	Genetic_Algorithms
2145	Genetic_Algorithms
2146	Probabilistic_Methods
2147	Probabilistic_Methods
2148	Probabilistic_Methods
2149	Probabilistic_Methods
2150	Neural_Networks
2151	Theory
2152	Reinforcement_Learning
2153	Case_Based
2154	Theory
2155	Case_Based
2156	Case_Based
2157	Theory
2158	Theory
2159	Theory
2160	Theory
2161	Theory
2162	Probabilistic_Methods
2163	Probabilistic_Methods
2164	Theory
2165	Case_Based
2166	Rule_Learning
2167	Neural_Networks
2168	Neural_Networks
2169	Genetic_Algorithms
2170	Case_Based
2171	Genetic_Algorithms
2172	Case_Based
2173	Theory
2174	Theory
2175	Probabilistic_Methods
2176	Probabilistic_Methods
2177	Probabilistic_Methods
2178	Rule_Learning
2179	Case_Based
2180	Case_Based
2181	Case_Based
2182	Case_Based
2183	Case_Based
2184	Rule_Learning
2185	Rule_Learning
2186	Case_Based
2187	Probabilistic_Methods
2188	Rule_Learning
2189	Case_Based
2190	Theory
2191	Probabilistic_Methods
2192	Theory
2193	Case_Based
2194	Case_Based
2195	Theory
2196	Case_Based
2197	Case_Based
2198	Case_Based
2199	Case_Based
2200	Case_Based
2201	Case_Based
2202	Case_Based
2203	Case_Based
2204	Probabilistic_Methods
2205	Probabilistic_Methods
2206	Probabilistic_Methods
2207	Probabilistic_Methods
2208	Genetic_Algorithms
2209	Theory
2210	Genetic_Algorithms
2211	Case_Based
2212	Probabilistic_Methods
2213	Probabilistic_Methods
2214	Probabilistic_Methods
2215	Probabilistic_Methods
2216	Probabilistic_Methods
2217	Theory
2218	Genetic_Algorithms
2219	Case_Based
2220	Neural_Networks
2221	Neural_Networks
2222	Reinforcement_Learning
2223	Reinforcement_Learning
2224	Reinforcement_Learning
2225	Reinforcement_Learning
2226	Reinforcement_Learning
2227	Rule_Learning
2228	Theory
2229	Probabilistic_Methods
2230	Probabilistic_Methods
2231	Case_Based
2232	Case_Based
2233	Case_Based
2234	Case_Based
2235	Rule_Learning
2236	Reinforcement_Learning
2237	Reinforcement_Learning
2238	Reinforcement_Learning
2239	Reinforcement_Learning
2240	Reinforcement_Learning
2241	Probabilistic_Methods
2242	Probabilistic_Methods
2243	Probabilistic_Methods
2244	Probabilistic_Methods
2245	Case_Based
2246	Probabilistic_Methods
2247	Probabilistic_Methods
2248	Reinforcement_Learning
2249	Reinforcement_Learning
2250	Reinforcement_Learning
2251	Genetic_Algorithms
2252	Genetic_Algorithms
2253	Probabilistic_Methods
2254	Genetic_Algorithms
2255	Genetic_Algorithms
2256	Rule_Learning
2257	Probabilistic_Methods
2258	Probabilistic_Methods
2259	Reinforcement_Learning
2260	Reinforcement_Learning
2261	Reinforcement_Learning
2262	Reinforcement_Learning
2263	Reinforcement_Learning
2264	Case_Based
2265	Reinforcement_Learning
2266	Case_Based
2267	Case_Based
2268	Probabilistic_Methods
2269	Rule_Learning
2270	Rule_Learning
2271	Rule_Learning
2272	Rule_Learning
2273	Rule_Learning
2274	Case_Based
2275	Rule_Learning
2276	Probabilistic_Methods
2277	Case_Based
2278	Theory
2279	Neural_Networks
2280	Case_Based
2281	Probabilistic_Methods
2282	Theory
2283	Probabilistic_Methods
2284	Rule_Learning
2285	Rule_Learning
2286	Rule_Learning
2287	Rule_Learning
2288	Rule_Learning
2289	Reinforcement_Learning
2290	Reinforcement_Learning
2291	Case_Based
2292	Case_Based
2293	Case_Based
2294	Reinforcement_Learning
2295	Case_Based
2296	Probabilistic_Methods
2297	Reinforcement_Learning
2298	Reinforcement_Learning
2299	Reinforcement_Learning
2300	Reinforcement_Learning
2301	Probabilistic_Methods
2302	Probabilistic_Methods
2303	Probabilistic_Methods
2304	Probabilistic_Methods
2305	Probabilistic_Methods
2306	Probabilistic_Methods
2307	Neural_Networks
2308	Probabilistic_Methods
2309	Reinforcement_Learning
2310	Probabilistic_Methods
2311	Case_Based
2312	Case_Based
2313	Case_Based
2314	Case_Based
2315	Probabilistic_Methods
2316	Reinforcement_Learning
2317	Probabilistic_Methods
2318	Probabilistic_Methods
2319	Probabilistic_Methods
2320	Probabilistic_Methods
2321	Case_Based
2322	Genetic_Algorithms
2323	Reinforcement_Learning
2324	Genetic_Algorithms
2325	Genetic_Algorithms
2326	Genetic_Algorithms
2327	Genetic_Algorithms
2328	Genetic_Algorithms
2329	Genetic_Algorithms
2330	Case_Based
2331	Genetic_Algorithms
2332	Case_Based
2333	Case_Based
2334	Neural_Networks
2335	Reinforcement_Learning
2336	Reinforcement_Learning
2337	Reinforcement_Learning
2338	Probabilistic_Methods
2339	Probabilistic_Methods
2340	Probabilistic_Methods
2341	Reinforcement_Learning
2342	Reinforcement_Learning
2343	Probabilistic_Methods
2344	Probabilistic_Methods
2345	Probabilistic_Methods
2346	Probabilistic_Methods
2347	Case_Based
2348	Probabilistic_Methods
2349	Probabilistic_Methods
2350	Reinforcement_Learning
2351	Reinforcement_Learning
2352	Reinforcement_Learning
2353	Reinforcement_Learning
2354	Reinforcement_Learning
2355	Reinforcement_Learning
2356	Reinforcement_Learning
2357	Reinforcement_Learning
2358	Probabilistic_Methods
2359	Neural_Networks
2360	Case_Based
2361	Case_Based
2362	Reinforcement_Learning
2363	Rule_Learning
2364	Case_Based
2365	Neural_Networks
2366	Neural_Networks
2367	Probabilistic_Methods
2368	Probabilistic_Methods
2369	Probabilistic_Methods
2370	Probabilistic_Methods
2371	Probabilistic_Methods
2372	Neural_Networks
2373	Probabilistic_Methods
2374	Rule_Learning
2375	Rule_Learning
2376	Reinforcement_Learning
2377	Genetic_Algorithms
2378	Reinforcement_Learning
2379	Reinforcement_Learning
2380	Reinforcement_Learning
2381	Probabilistic_Methods
2382	Reinforcement_Learning
2383	Reinforcement_Learning
2384	Case_Based
2385	Rule_Learning
2386	Reinforcement_Learning
2387	Reinforcement_Learning
2388	Theory
2389	Neural_Networks
2390	Neural_Networks
2391	Neural_Networks
2392	Neural_Networks
2393	Reinforcement_Learning
2394	Theory
2395	Theory
2396	Theory
2397	Theory
2398	Probabilistic_Methods
2399	Reinforcement_Learning
2400	Reinforcement_Learning
2401	Reinforcement_Learning
2402	Probabilistic_Methods
2403	Probabilistic_Methods
2404	Case_Based
2405	Rule_Learning
2406	Reinforcement_Learning
2407	Rule_Learning
2408	Case_Based
2409	Probabilistic_Methods
2410	Probabilistic_Methods
2411	Probabilistic_Methods
2412	Probabilistic_Methods
2413	Probabilistic_Methods
2414	Probabilistic_Methods
2415	Probabilistic_Methods
2416	Reinforcement_Learning
2417	Reinforcement_Learning
2418	Case_Based
2419	Case_Based
2420	Probabilistic_Methods
2421	Neural_Networks
2422	Theory
2423	Case_Based
2424	Case_Based
2425	Probabilistic_Methods
2426	Probabilistic_Methods
2427	Rule_Learning
2428	Probabilistic_Methods
2429	Reinforcement_Learning
2430	Probabilistic_Methods
2431	Reinforcement_Learning
2432	Reinforcement_Learning
2433	Neural_Networks
2434	Reinforcement_Learning
2435	Reinforcement_Learning
2436	Rule_Learning
2437	Probabilistic_Methods
2438	Probabilistic_Methods
2439	Neural_Networks
2440	Neural_Networks
2441	Neural_Networks
2442	Neural_Networks
2443	Neural_Networks
2444	Neural_Networks
2445	Neural_Networks
2446	Neural_Networks
2447	Neural_Networks
2448	Neural_Networks
2449	Case_Based
2450	Neural_Networks
2451	Neural_Networks
2452	Neural_Networks
2453	Case_Based
2454	Theory
2455	Theory
2456	Neural_Networks
2457	Theory
2458	Theory
2459	Neural_Networks
2460	Neural_Networks
2461	Theory
2462	Probabilistic_Methods
2463	Reinforcement_Learning
2464	Reinforcement_Learning
2465	Reinforcement_Learning
2466	Neural_Networks
2467	Rule_Learning
2468	Rule_Learning
2469	Case_Based
2470	Case_Based
2471	Probabilistic_Methods
2472	Case_Based
2473	Reinforcement_Learning
2474	Reinforcement_Learning
2475	Probabilistic_Methods
2476	Neural_Networks
2477	Probabilistic_Methods
2478	Genetic_Algorithms
2479	Theory
2480	Theory
2481	Rule_Learning
2482	Probabilistic_Methods
2483	Probabilistic_Methods
2484	Reinforcement_Learning
2485	Theory
2486	Probabilistic_Methods
2487	Case_Based
2488	Case_Based
2489	Probabilistic_Methods
2490	Case_Based
2491	Rule_Learning
2492	Neural_Networks
2493	Probabilistic_Methods
2494	Probabilistic_Methods
2495	Probabilistic_Methods
2496	Reinforcement_Learning
2497	Rule_Learning
2498	Reinforcement_Learning
2499	Case_Based
2500	Probabilistic_Methods
2501	Probabilistic_Methods
2502	Case_Based
2503	Neural_Networks
2504	Genetic_Algorithms
2505	Genetic_Algorithms
2506	Rule_Learning
2507	Neural_Networks
2508	Probabilistic_Methods
2509	Probabilistic_Methods
2510	Rule_Learning
2511	Case_Based
2512	Neural_Networks
2513	Probabilistic_Methods
2514	Neural_Networks
2515	Neural_Networks
2516	Rule_Learning
2517	Rule_Learning
2518	Reinforcement_Learning
2519	Probabilistic_Methods
2520	Reinforcement_Learning
2521	Probabilistic_Methods
2522	Neural_Networks
2523	Neural_Networks
2524	Reinforcement_Learning
2525	Neural_Networks
2526	Reinforcement_Learning
2527	Rule_Learning
2528	Rule_Learning
2529	Probabilistic_Methods
2530	Neural_Networks
2531	Probabilistic_Methods
2532	Genetic_Algorithms
2533	Probabilistic_Methods
2534	Probabilistic_Methods
2535	Probabilistic_Methods
2536	Reinforcement_Learning
2537	Rule_Learning
2538	Reinforcement_Learning
2539	Probabilistic_Methods
2540	Probabilistic_Methods
2541	Probabilistic_Methods
2542	Probabilistic_Methods
2543	Probabilistic_Methods
2544	Case_Based
2545	Case_Based
2546	Neural_Networks
2547	Reinforcement_Learning
2548	Reinforcement_Learning
2549	Reinforcement_Learning
2550	Probabilistic_Methods
2551	Probabilistic_Methods
2552	Reinforcement_Learning
2553	Rule_Learning
2554	Neural_Networks
2555	Probabilistic_Methods
2556	Neural_Networks
2557	Neural_Networks
2558	Neural_Networks
2559	Probabilistic_Methods
2560	Neural_Networks
2561	Neural_Networks
2562	Case_Based
2563	Reinforcement_Learning
2564	Reinforcement_Learning
2565	Probabilistic_Methods
2566	Probabilistic_Methods
2567	Probabilistic_Methods
2568	Probabilistic_Methods
2569	Probabilistic_Methods
2570	Probabilistic_Methods
2571	Probabilistic_Methods
2572	Probabilistic_Methods
2573	Probabilistic_Methods
2574	Probabilistic_Methods
2575	Case_Based
2576	Case_Based
2577	Probabilistic_Methods
2578	Case_Based
2579	Probabilistic_Methods
2580	Case_Based
2581	Neural_Networks
2582	Probabilistic_Methods
2583	Reinforcement_Learning
2584	Genetic_Algorithms
2585	Neural_Networks
2586	Rule_Learning
2587	Reinforcement_Learning
2588	Probabilistic_Methods
2589	Probabilistic_Methods
2590	Probabilistic_Methods
2591	Genetic_Algorithms
2592	Rule_Learning
2593	Probabilistic_Methods
2594	Reinforcement_Learning
2595	Probabilistic_Methods
2596	Neural_Networks
2597	Neural_Networks
2598	Genetic_Algorithms
2599	Probabilistic_Methods
2600	Probabilistic_Methods
2601	Probabilistic_Methods
2602	Probabilistic_Methods
2603	Probabilistic_Methods
2604	Theory
2605	Probabilistic_Methods
2606	Probabilistic_Methods
2607	Neural_Networks
2608	Theory
2609	Probabilistic_Methods
2610	Probabilistic_Methods
2611	Probabilistic_Methods
2612	Neural_Networks
2613	Probabilistic_Methods
2614	Neural_Networks
2615	Probabilistic_Methods
2616	Neural_Networks
2617	Reinforcement_Learning
2618	Neural_Networks
2619	Neural_Networks
2620	Case_Based
2621	Rule_Learning
2622	Theory
2623	Reinforcement_Learning
2624	Probabilistic_Methods
2625	Probabilistic_Methods
2626	Probabilistic_Methods
2627	Neural_Networks
2628	Rule_Learning
2629	Probabilistic_Methods
2630	Probabilistic_Methods
2631	Reinforcement_Learning
2632	Probabilistic_Methods
2633	Probabilistic_Methods
2634	Probabilistic_Methods
2635	Probabilistic_Methods
2636	Probabilistic_Methods
2637	Reinforcement_Learning
2638	Theory
2639	Case_Based
2640	Probabilistic_Methods
2641	Neural_Networks
2642	Neural_Networks
2643	Neural_Networks
2644	Rule_Learning
2645	Reinforcement_Learning
2646	Reinforcement_Learning
2647	Probabilistic_Methods
2648	Reinforcement_Learning
2649	Theory
2650	Probabilistic_Methods
2651	Neural_Networks
2652	Neural_Networks
2653	Probabilistic_Methods
2654	Neural_Networks
2655	Neural_Networks
2656	Neural_Networks
2657	Neural_Networks
2658	Neural_Networks
2659	Probabilistic_Methods
2660	Probabilistic_Methods
2661	Reinforcement_Learning
2662	Reinforcement_Learning
2663	Probabilistic_Methods
2664	Probabilistic_Methods
2665	Reinforcement_Learning
2666	Reinforcement_Learning
2667	Probabilistic_Methods
2668	Probabilistic_Methods
2669	Probabilistic_Methods
2670	Reinforcement_Learning
2671	Reinforcement_Learning
2672	Reinforcement_Learning
2673	Reinforcement_Learning
2674	Reinforcement_Learning
2675	Reinforcement_Learning
2676	Probabilistic_Methods
2677	Reinforcement_Learning
2678	Reinforcement_Learning
2679	Reinforcement_Learning
2680	Reinforcement_Learning
2681	Reinforcement_Learning
2682	Reinforcement_Learning
2683	Reinforcement_Learning
2684	Reinforcement_Learning
2685	Neural_Networks
2686	Probabilistic_Methods
2687	Probabilistic_Methods
2688	Probabilistic_Methods
2689	Probabilistic_Methods
2690	Theory
2691	Neural_Networks
2692	Probabilistic_Methods
2693	Probabilistic_Methods
2694	Reinforcement_Learning
2695	Reinforcement_Learning
2696	Reinforcement_Learning
2697	Probabilistic_Methods
2698	Probabilistic_Methods
2699	Probabilistic_Methods
2700	Probabilistic_Methods
2701	Probabilistic_Methods
2702	Case_Based
2703	Probabilistic_Methods
2704	Probabilistic_Methods
2705	Probabilistic_Methods
2706	Probabilistic_Methods
2707	Probabilistic_Methods
